created_utc,subreddit,author,domain,url,num_comments,score,ups,downs,title,selftext,saved,id,from_kind,gilded,from,stickied,retrieved_on,over_18,thumbnail,subreddit_id,hide_score,link_flair_css_class,author_flair_css_class,archived,is_self,from_id,permalink,name,author_flair_text,quarantine,link_flair_text,distinguished
1483649192,toastme,Clumsyninja1223,i.reddituploads.com,https://i.reddituploads.com/7abe7c7f95ae46189540ec67d862b6f7?fit=max&amp;h=1536&amp;w=1536&amp;s=3b18dd1a9884db0cb540d0bd3b4cfc9e,9,57,,,23 y/o server on break. Been feeling down about myself and unmotivated.,"",,5m8y5u,,0,,false,1489404303,false,https://b.thumbs.redditmedia.com/dgzo9X-1PDXd5wBeq_20KZQXfnQZ-3qDryHvp5HweGk.jpg,t5_39em5,false,,,false,false,,/r/toastme/comments/5m8y5u/23_yo_server_on_break_been_feeling_down_about/,,,false,,
1483940360,toastme,DeanusMaximus,i.reddituploads.com,https://i.reddituploads.com/a3dda603c5d847baba9c1459a4b84492?fit=max&amp;h=1536&amp;w=1536&amp;s=5dded0b3157d8c911badbecbf5a3ea80,8,26,,,"I lost a friend to melanoma today, contemplating my own mortality got me down","",,5mvy8j,,0,,false,1489415653,false,https://b.thumbs.redditmedia.com/on9Q19S7Xv2_uWaf8tZT6ftikkrVC7iU-r2IrwgDlPg.jpg,t5_39em5,false,,,false,false,,/r/toastme/comments/5mvy8j/i_lost_a_friend_to_melanoma_today_contemplating/,,,false,,
1483336520,toastme,dsf000,imgur.com,http://imgur.com/EnH00cr,5,22,,,Trying to give my friend a cool new year eve gift! She is the best and I want to make her smile.,"",,5ljpkt,,0,,false,1489391871,false,default,t5_39em5,false,,,false,false,,/r/toastme/comments/5ljpkt/trying_to_give_my_friend_a_cool_new_year_eve_gift/,,,false,,
1483770242,toastme,IamLuke555,imgur.com,http://imgur.com/ZEJVBQJ,46,71,,,Feelin a little down. Thought I'd try this out. Toast me!,"",,5mj21q,,0,,false,1489409285,false,https://a.thumbs.redditmedia.com/G5NS3NAuCxQkbbm7bMoavlUc05kbuqwBP-MUk_4ILD8.jpg,t5_39em5,false,,,false,false,,/r/toastme/comments/5mj21q/feelin_a_little_down_thought_id_try_this_out/,,,false,,
1484105341,toastme,spookkyfoxx,i.reddituploads.com,https://i.reddituploads.com/7abcf80e197848a5b7b6ebb8ef294349?fit=max&amp;h=1536&amp;w=1536&amp;s=3173a41e78a7c196737ca9304fc62ca9,15,45,,,"Am I allowed to put two photos like this? I didn't manage to get a good picture of me smiling AND the toast me sign, so I have one of each lol","",,5n9s6i,,0,,false,1489422467,false,https://b.thumbs.redditmedia.com/x9nZyTKLnGEL3wSrOaC47JyjmySFi_yflUweSPWPavc.jpg,t5_39em5,false,,,false,false,,/r/toastme/comments/5n9s6i/am_i_allowed_to_put_two_photos_like_this_i_didnt/,,,false,,
1485389310,toastme,jerry_seinfeld1,i.reddituploads.com,https://i.reddituploads.com/4b9f49955dc247379967972b98675ce1?fit=max&amp;h=1536&amp;w=1536&amp;s=d158bdd74026d0da62b39d6bd5835a6e,5,9,,,Show me some love! ��,"",,5q6yym,,0,,false,1489474481,false,default,t5_39em5,false,,,false,false,,/r/toastme/comments/5q6yym/show_me_some_love/,,,false,,
1485463367,toastme,HeyThereRobot,i.reddituploads.com,https://i.reddituploads.com/c29f406bf03949f4b15b7d95597e0773?fit=max&amp;h=1536&amp;w=1536&amp;s=c28b2daef207aaa385a572d4f39882d6,50,67,,,"I'm having a rough day due to a medication adjustment, toast me?","",,5qcouz,,0,,false,1489477367,false,https://a.thumbs.redditmedia.com/gyHnaYpqjMI35L1tObxiyTefwkA8akfPq2QiF_WYs_8.jpg,t5_39em5,false,,,false,false,,/r/toastme/comments/5qcouz/im_having_a_rough_day_due_to_a_medication/,,,false,,
1484295814,toastme,captainfantastyk,m.imgur.com,http://m.imgur.com/NFcEwNL,13,19,,,"Feeling a bit lonely, on top of losing my job and having to move back in with my parents. Could use some positivity.","",,5nphjf,,0,,false,1489430281,false,https://a.thumbs.redditmedia.com/xWDB27HgNv54b5zBKnlKxhqhbUUkL5eGJrZ-5ZII6E8.jpg,t5_39em5,false,,,false,false,,/r/toastme/comments/5nphjf/feeling_a_bit_lonely_on_top_of_losing_my_job_and/,,,false,,
1485611379,toastme,[deleted],i.redd.it,https://i.redd.it/ktepwb5tjgcy.jpg,1,1,,,Throat-Punched by Mental Health Lately; Boyfriend Thinks I Could Use a Self-Esteem Boost. Would You Kindly...?,[deleted],,5qnn0z,,0,,false,1489483214,false,default,t5_39em5,false,,,false,false,,/r/toastme/comments/5qnn0z/throatpunched_by_mental_health_lately_boyfriend/,,,false,,
1483929092,toastme,faeelizabeth,i.redd.it,https://i.redd.it/yyjh9dmjll8y.jpg,9,37,,,Had a bad day and could use some cheering up,"",,5mv1ti,,0,,false,1489415210,false,https://b.thumbs.redditmedia.com/DZmVY5aDDltd0HOp7_b2TzD7ldMlwuGu-Q_TTje6ZjY.jpg,t5_39em5,false,,,false,false,,/r/toastme/comments/5mv1ti/had_a_bad_day_and_could_use_some_cheering_up/,,,false,,
1484275431,toastme,orendevil,imgur.com,http://imgur.com/Wum9203,7,20,,,Found this subreddit; I really like the positivity here,"",,5nnycp,,0,,false,1489429526,false,https://b.thumbs.redditmedia.com/y2IoxugY1bFgN8wpHqT71jsNGNLfW1vAB4rsbre9Kao.jpg,t5_39em5,false,,toasted,false,false,,/r/toastme/comments/5nnycp/found_this_subreddit_i_really_like_the_positivity/,,[Toasted],false,,
1485602049,toastme,cadmiumblues,i.reddituploads.com,https://i.reddituploads.com/5bb981a6a96b4c279020958d675aaa4c?fit=max&amp;h=1536&amp;w=1536&amp;s=c67951e75f4eccb298332c39c792b285,27,86,,,17 with multiple mental disorders and the people I care about most seem to leave whenever I'm too much to handle....leaving my self esteem incredibly low...toast me?,"",,5qn4yc,,0,,false,1489482966,false,https://b.thumbs.redditmedia.com/ulxmo-pFFa7DhM7hTcSGZVd1u1zxqV9m8Nl6plWu36w.jpg,t5_39em5,false,,,false,false,,/r/toastme/comments/5qn4yc/17_with_multiple_mental_disorders_and_the_people/,,,false,,
1485786873,toastme,chauhansaurabh,i.redd.it,https://i.redd.it/hgjkvxkd1vcy.jpg,12,21,,,Self-esteem issues - Toast me to a golden hue,"",,5r12kq,,0,,false,1489489845,false,https://a.thumbs.redditmedia.com/Ts90Xj7gr3CcarEd-ZJn6JaoGN_tCDVy5jFC1L-J_08.jpg,t5_39em5,false,,,false,false,,/r/toastme/comments/5r12kq/selfesteem_issues_toast_me_to_a_golden_hue/,,,false,,
1485086076,toastme,TomokoOnWheels,imgur.com,https://imgur.com/gallery/7cVHL,19,54,,,21 ugly wheelchair weaboo werido on diet,"",,5pgk88,,0,,false,1489461441,false,https://b.thumbs.redditmedia.com/KuD19DiIC6vVmLRANv9gAuYDTMg4tt1bBy33jGAciuU.jpg,t5_39em5,false,,,false,false,,/r/toastme/comments/5pgk88/21_ugly_wheelchair_weaboo_werido_on_diet/,,,false,,
1484300901,toastme,[deleted],i.reddituploads.com,https://i.reddituploads.com/b835ea9a63c94f6f9b8dc6ef5014744c?fit=max&amp;h=1536&amp;w=1536&amp;s=012174b3b83a124df0d21fed8492bb77,18,55,,,Cant leave the house without makeup. Toast me :),[deleted],,5nprmz,,0,,false,1489430419,false,default,t5_39em5,false,,,false,false,,/r/toastme/comments/5nprmz/cant_leave_the_house_without_makeup_toast_me/,,,false,,
1484620305,toastme,[deleted],i.redd.it,https://i.redd.it/tuena8k4o6ay.jpg,20,91,,,"I got rejected earlier and am trying to stay strong, felt like some uplifting words might help (:",[deleted],,5ofdfj,,0,,false,1489443099,false,default,t5_39em5,false,,,false,false,,/r/toastme/comments/5ofdfj/i_got_rejected_earlier_and_am_trying_to_stay/,,,false,,
1485715289,toastme,[deleted],imgur.com,https://imgur.com/a/rD4l8,10,24,,,And the award for worst possible lighting goes to..,[deleted],,5qvaik,,0,,false,1489486999,false,default,t5_39em5,false,,,false,false,,/r/toastme/comments/5qvaik/and_the_award_for_worst_possible_lighting_goes_to/,,,false,,
1483231680,toastme,Scandipanda,imgur.com,http://imgur.com/a/TBUlM,13,32,,,"Life has been tough lately, but I'm trying to stay positive! 21M","",,5lcohm,,0,,false,1489388197,false,https://b.thumbs.redditmedia.com/ql_-fYF-m2z_Ihj9mSbTyVSk2AWc3gwrfjofWv_CQJk.jpg,t5_39em5,false,,,false,false,,/r/toastme/comments/5lcohm/life_has_been_tough_lately_but_im_trying_to_stay/,,,false,,
1484111076,toastme,iLolo,i.imgur.com,http://i.imgur.com/B3VhPaY.jpg,22,15,,,Was treated like shit because of my weight recently... Toast me?,"",,5na8wz,,0,,false,1489422695,false,default,t5_39em5,false,,,false,false,,/r/toastme/comments/5na8wz/was_treated_like_shit_because_of_my_weight/,,,false,,
1484247796,toastme,[deleted],i.redd.it,https://i.redd.it/t0u4po63xb9y.jpg,0,1,,,"25, feeling stuck in a shitty job, like my life is over here. I feel lame doing this, but I need a pick me up.",[deleted],,5nl9ah,,0,,false,1489428202,false,default,t5_39em5,false,,,false,false,,/r/toastme/comments/5nl9ah/25_feeling_stuck_in_a_shitty_job_like_my_life_is/,,,false,,
1483777338,toastme,LarsTorvak,i.redd.it,https://i.redd.it/97byfvn9298y.jpg,12,14,,,"23, trying to reforge my confidence after a shattering. Help wield the hammer...","",,5mjioa,,0,,false,1489409511,false,https://b.thumbs.redditmedia.com/jCtsbIIL3OKKcko4fJZEaQ33Mxi3s51KvHIXtzjIU2Q.jpg,t5_39em5,false,,,false,false,,/r/toastme/comments/5mjioa/23_trying_to_reforge_my_confidence_after_a/,,,false,,
1485366170,toastme,keyboard_addict,i.redd.it,https://i.redd.it/swgkivtdawby.jpg,11,51,,,"19, Not-so-great week so far, could use a pick-me-up.","",,5q4lq3,,0,,false,1489473316,false,https://b.thumbs.redditmedia.com/wl4NC3FtQzK_PcZmCoFYqa1C0IOHaN2NXe8eJHMmr5U.jpg,t5_39em5,false,,,false,false,,/r/toastme/comments/5q4lq3/19_notsogreat_week_so_far_could_use_a_pickmeup/,,,false,,
1484148814,toastme,TheodoreP,imgur.com,http://imgur.com/a/jbZ3Y,13,30,,,"People at school have been given me a hard time, calling me gay. Toast me up!","",,5ncsa6,,0,,false,1489424025,false,https://b.thumbs.redditmedia.com/Ip_Y5hl3gpdfeGFN-xODHDZFvYZNe9zvprMmOYquzGo.jpg,t5_39em5,false,,,false,false,,/r/toastme/comments/5ncsa6/people_at_school_have_been_given_me_a_hard_time/,,,false,,
1484413494,toastme,illustris14,i.redd.it,https://i.redd.it/e5wd8ugnlp9y.jpg,17,45,,,"Had a pretty rough week (and yea, i know the sign is backwards)","",,5nyfcb,,0,,false,1489434687,false,https://b.thumbs.redditmedia.com/9UlTdLWkJuFt4flSAVnXyb2Bt_gK0Br7zTy3L0X2O6A.jpg,t5_39em5,false,,,false,false,,/r/toastme/comments/5nyfcb/had_a_pretty_rough_week_and_yea_i_know_the_sign/,,,false,,
1484585195,toastme,ClaytonRayG,imgur.com,http://imgur.com/a/CXaAx,27,72,,,Stalled after losing 140lbs. Entire family is sick. Could use some positive vibes.,"",,5obu9j,,1,,false,1489441356,false,https://b.thumbs.redditmedia.com/9aKR7ydO2IgUfIrCE5l_wZb-26UhOy3E5C0LQZU6vfU.jpg,t5_39em5,false,,,false,false,,/r/toastme/comments/5obu9j/stalled_after_losing_140lbs_entire_family_is_sick/,,,false,,
1485104650,toastme,Jack-Hans,imgur.com,http://imgur.com/a/iUAbC,3,5,,,Let's see the difference with /roastme Want to compare it.,"",,5pi2oa,,0,,false,1489462185,false,https://b.thumbs.redditmedia.com/Ue65j_9lsYWaPKVAhdfSfnp_m-TWINTvOWqtDObBnhc.jpg,t5_39em5,false,,,false,false,,/r/toastme/comments/5pi2oa/lets_see_the_difference_with_roastme_want_to/,,,false,,
1485558915,toastme,vodkaman3,imgur.com,https://imgur.com/rRxByBC,18,15,,,Got a haircut recently and not really sure if I like it. Thoughts? :),"",,5qkfo2,,0,,false,1489481635,false,https://b.thumbs.redditmedia.com/Wjk06LgE-HlxQbsYwo2GEvsXlrrasVMVqWbaua-_EQo.jpg,t5_39em5,false,,,false,false,,/r/toastme/comments/5qkfo2/got_a_haircut_recently_and_not_really_sure_if_i/,,,false,,
1484169341,toastme,[deleted],m.imgur.com,http://m.imgur.com/gallery/UyGYnv7,3,2,,,"2016 kind of left me in a negative spot self esteem wise, and now I'm finally starting to feel better. Toast me?",[deleted],,5nevy7,,0,,false,1489425062,false,default,t5_39em5,false,,,false,false,,/r/toastme/comments/5nevy7/2016_kind_of_left_me_in_a_negative_spot_self/,,,false,,
1484237567,toastme,Agirlyoudontknow,imgur.com,https://imgur.com/gallery/eT3hs,9,14,,,R/Toast me,"",,5nk73k,,0,,false,1489427677,false,https://b.thumbs.redditmedia.com/1YA4H0utv8ceN7_qpe2IqdNQE3miCpZJoCY7h_Wbe9s.jpg,t5_39em5,false,,,false,false,,/r/toastme/comments/5nk73k/rtoast_me/,,,false,,
1484252768,toastme,Chaos_pancake,i.redd.it,https://i.redd.it/jqkwb7elbc9y.jpg,18,27,,,"Feeling really down today could use some support,also my phone is stupid anyway toast me!","",,5nlrsi,,0,,false,1489428455,false,https://b.thumbs.redditmedia.com/7ryzQaytaC6ga_FHOXT55-qC005nkagcVx5KWTTynNI.jpg,t5_39em5,false,,,false,false,,/r/toastme/comments/5nlrsi/feeling_really_down_today_could_use_some/,,,false,,
1484849185,toastme,countchocula13,i.reddituploads.com,https://i.reddituploads.com/395f84689eba4ff2aad902b328aee523?fit=max&amp;h=1536&amp;w=1536&amp;s=e716d0f2446ff64fe217169e22a2ccf9,51,57,,,"Posted on here before, but trimmed up recently. Not sure about it, toast me!","",,5oy4ug,,0,,false,1489452359,false,https://b.thumbs.redditmedia.com/nniZOFlfyABLcW8pnEH2Eh6hXYRWRTujJB7qlPMzgcc.jpg,t5_39em5,false,,,false,false,,/r/toastme/comments/5oy4ug/posted_on_here_before_but_trimmed_up_recently_not/,,,false,,
1485399490,toastme,motoviac,imgur.com,http://imgur.com/xoMU8Yx,32,87,,,"Having a bad day today, could use some compliments :(","",,5q7v6b,,0,,false,1489474922,false,https://b.thumbs.redditmedia.com/beyBaljucgL3muCHE42mrlM-fAo1RHyunUVO3N79iNc.jpg,t5_39em5,false,,,false,false,,/r/toastme/comments/5q7v6b/having_a_bad_day_today_could_use_some_compliments/,,,false,,
1485623952,toastme,EyebrowsOnSpoons,imgur.com,http://imgur.com/a/eQrbi,11,50,,,Hit me with your best shot! :),"",,5qon07,,0,,false,1489483708,false,https://b.thumbs.redditmedia.com/G0DEVTivtxUt_bqUSkVtSeqnODb7Kj7sqXIkz514oEw.jpg,t5_39em5,false,,,false,false,,/r/toastme/comments/5qon07/hit_me_with_your_best_shot/,,,false,,
1485769018,toastme,PrincessLonk,i.reddituploads.com,https://i.reddituploads.com/1e544f6547dd43dd8d34e25082472b6e?fit=max&amp;h=1536&amp;w=1536&amp;s=5f60b721298e18d7f7fb814fc5613526,16,52,,,"Realising all the shit I am doing/have done wrong. Almost at breakdown, so I could really use this. (Sorry for backward ass image)","",,5qzqvb,,0,,false,1489489192,false,https://b.thumbs.redditmedia.com/IIedsImN6iu5S3YzfcXXpBZDOr2QjKVyqAsJVgS-5kk.jpg,t5_39em5,false,,,false,false,,/r/toastme/comments/5qzqvb/realising_all_the_shit_i_am_doinghave_done_wrong/,,,false,,
1483901534,toastme,[deleted],imgur.com,http://imgur.com/blZanjy,72,94,,,I know I'm not pretty solease dont lie to me and say I am. I dont even qualify for mildly attractive. I'm trying hard not to think of myself as ugly but I'm failing on that too.,[deleted],,5mseol,,0,,false,1489413906,false,default,t5_39em5,false,,,false,false,,/r/toastme/comments/5mseol/i_know_im_not_pretty_solease_dont_lie_to_me_and/,,,false,,
1483943074,toastme,[deleted],i.reddituploads.com,https://i.reddituploads.com/b8e9f895a7d54cb2a946fba979e64672?fit=max&amp;h=1536&amp;w=1536&amp;s=22c892b16355ce50588bdbdcbdde4986,4,6,,,Haven't had a great night,[deleted],,5mw51p,,0,,false,1489415746,false,default,t5_39em5,false,,,false,false,,/r/toastme/comments/5mw51p/havent_had_a_great_night/,,,false,,
1484156621,toastme,eddihdnegel,i.imgur.com,http://i.imgur.com/vdsd17c.jpg,51,53,,,"I've had big insecurity issues all my life, I'm finally feeling happier, I'm kinda nervous about my first ever picture on Reddit.","",,5ndkd9,,0,,false,1489424409,false,https://b.thumbs.redditmedia.com/vaj3kJWsRiPAyEa6CoNaXAVScgpnLFy3RPuS1s8ispY.jpg,t5_39em5,false,,,false,false,,/r/toastme/comments/5ndkd9/ive_had_big_insecurity_issues_all_my_life_im/,,,false,,
1484778539,toastme,Ciarrahface,i.reddituploads.com,https://i.reddituploads.com/782638f6f82f4821b817fd64a8f6bce5?fit=max&amp;h=1536&amp;w=1536&amp;s=9268f2de04de2002c74ff851acb015a7,21,42,,,"I'm a very shy and insecure person, I could really use a confidence boost.","",,5osmhm,,0,,false,1489449643,false,https://b.thumbs.redditmedia.com/6aWLh434kTm1e0XQNW5Zm0Oy2hrk-mn4xqsztpCYLvQ.jpg,t5_39em5,false,,,false,false,,/r/toastme/comments/5osmhm/im_a_very_shy_and_insecure_person_i_could_really/,,,false,,
1485409918,toastme,[deleted],i.reddituploads.com,https://i.reddituploads.com/f013183af9f04c40acfffc25b6cfd936?fit=max&amp;h=1536&amp;w=1536&amp;s=2ae5e6cecbab81c5fab73b33ab5aa1c8,0,1,,,We're bored roommates in the Pacific Northwest. Give us some heat!,[deleted],,5q8nl3,,0,,false,1489475313,false,default,t5_39em5,false,,,false,false,,/r/toastme/comments/5q8nl3/were_bored_roommates_in_the_pacific_northwest/,,,false,,
1483802563,toastme,connorcalvin,i.redd.it,https://i.redd.it/gxgzlap65b8y.jpg,10,7,,,"Don't wanna go into specifics, but I've done something I'm not proud of and I'm feeling extremely guilty. Lift my spirits?","",,5mkxge,,0,,false,1489410207,false,https://b.thumbs.redditmedia.com/uu_nZXn8RFDIgQ9lJhqZUgPeY5pFjsRfIQbVYOUVdys.jpg,t5_39em5,false,,,false,false,,/r/toastme/comments/5mkxge/dont_wanna_go_into_specifics_but_ive_done/,,,false,,
1484690888,toastme,Ecuadorable,imgur.com,http://imgur.com/a/t1SgC,14,19,,,Not posting to get toasted. I have a request for other toasts! (I've typed out a transcription in the comments.),"",,5ol529,,0,,false,1489445939,false,https://a.thumbs.redditmedia.com/5Ghad-LHQfkbzs-B267K8saNdEI9JYIX5yHqkNEhI10.jpg,t5_39em5,false,,,false,false,,/r/toastme/comments/5ol529/not_posting_to_get_toasted_i_have_a_request_for/,,,false,,
1484778710,toastme,trinketstone,imgur.com,http://imgur.com/OoqE15i,11,48,,,"I have not truly felt confident for many years except for like a few times, I guess I'd like some positive vibes?","",,5osn4k,,0,,false,1489449651,false,default,t5_39em5,false,,,false,false,,/r/toastme/comments/5osn4k/i_have_not_truly_felt_confident_for_many_years/,,,false,,
1484667739,toastme,[deleted],imgur.com,http://imgur.com/aRcqZgT,0,1,,,"I feel lost, like im waiting for something terrible is about to happen. Stress/Anxiety is cyrrently through the roof, could really use a toast.",[deleted],,5oiqkx,,0,,false,1489444755,false,default,t5_39em5,false,,,false,false,,/r/toastme/comments/5oiqkx/i_feel_lost_like_im_waiting_for_something/,,,false,,
1485570138,toastme,[deleted],i.reddituploads.com,https://i.reddituploads.com/c66b41ecad1c4e518d42b65d5ae78480?fit=max&amp;h=1536&amp;w=1536&amp;s=9575c0e86ed5f92928eb8c48c626f767,11,56,,,"This subreddit is my new favorite thing on the internet, my heart is filled by all the positivity! Toast me before a night out.",[deleted],,5qlced,,0,,false,1489482082,false,default,t5_39em5,false,,,false,false,,/r/toastme/comments/5qlced/this_subreddit_is_my_new_favorite_thing_on_the/,,,false,,
1484638447,toastme,Cheadlejuice_Juice,i.reddituploads.com,https://i.reddituploads.com/dbf5cc6dc42d48f986985f95c73ea46f?fit=max&amp;h=1536&amp;w=1536&amp;s=625465b7019568335a8f985f2e968f79,21,13,,,"Rough childhood, awful breakup, low sense of self worth. Not used to this sort of thing. Help me.","",,5ogrj8,,0,,false,1489443784,false,https://b.thumbs.redditmedia.com/L1Ihpeghk6jO1UxT92oJ7uWX9iAXOkv6q2psJjf1Iss.jpg,t5_39em5,false,,,false,false,,/r/toastme/comments/5ogrj8/rough_childhood_awful_breakup_low_sense_of_self/,,,false,,
1483900100,toastme,[deleted],i.reddituploads.com,https://i.reddituploads.com/e8932a2958784ed7a7dab705403ac752?fit=max&amp;h=1536&amp;w=1536&amp;s=e7f982dc33297760bf281bed03c03a26,0,1,,,winter puts me in a very bad state. this one has been no different and the days are longer than ever. toast me?,[deleted],,5ms9qe,,0,,false,1489413838,false,default,t5_39em5,false,,,false,false,,/r/toastme/comments/5ms9qe/winter_puts_me_in_a_very_bad_state_this_one_has/,,,false,,
1484178185,toastme,DestinedHero,imgur.com,http://imgur.com/a/Udzfl?,21,20,,,Feeling really down about myself and my looks lately. Toast me?,"",,5nfrjk,,0,,false,1489425492,false,https://b.thumbs.redditmedia.com/HUXvRS64Z9qCputoOBLgVE2lyoQ5IpaqXRXpkcOgeQY.jpg,t5_39em5,false,,,false,false,,/r/toastme/comments/5nfrjk/feeling_really_down_about_myself_and_my_looks/,,,false,,
1484367808,toastme,JMueller2012,imgur.com,https://imgur.com/a/8Uese,31,30,,,[M23] Very insecure. Just want to know what I do well as far as appearance goes,"",,5nvkdr,,0,,false,1489433282,false,https://b.thumbs.redditmedia.com/_0gbnS1t7b9LY4tQ_yaRL8vV9UGkumLnoesHTu1orHc.jpg,t5_39em5,false,,,false,false,,/r/toastme/comments/5nvkdr/m23_very_insecure_just_want_to_know_what_i_do/,,,false,,
1485748455,toastme,Maguc,i.redd.it,https://i.redd.it/36e89iw3vrcy.jpg,11,29,,,Socially awkward teen with no self esteem dropping in.,"",,5qygip,,0,,false,1489488559,false,https://b.thumbs.redditmedia.com/YnIzvUIwhEnJGq6rPNJZrFa2v5xXVy2SxSb8_UE3iTA.jpg,t5_39em5,false,,,false,false,,/r/toastme/comments/5qygip/socially_awkward_teen_with_no_self_esteem/,,,false,,
1483928493,toastme,[deleted],i.redd.it,https://i.redd.it/ehcofaxkjl8y.jpg,0,1,,,I did roast me and it made me really self-conscious,[deleted],,5muzwq,,0,,false,1489415183,false,default,t5_39em5,false,,,false,false,,/r/toastme/comments/5muzwq/i_did_roast_me_and_it_made_me_really_selfconscious/,,,false,,
1484012912,toastme,[deleted],i.reddituploads.com,https://i.reddituploads.com/ce26914de191485c90909d555136bee6?fit=max&amp;h=1536&amp;w=1536&amp;s=c4a31c91f4947bcc71d810a34faa6787,0,1,,,"People are always afraid of me, I'm 6-2 built like a house, wouldn't hurt a fly and people avoid me",[deleted],,5n224a,,0,,false,1489418667,false,default,t5_39em5,false,,,false,false,,/r/toastme/comments/5n224a/people_are_always_afraid_of_me_im_62_built_like_a/,,,false,,
1485743490,toastme,ranker6999,imgur.com,http://imgur.com/a/LPW1M,2,4,,,"Bring It On, Reddit! I've Already Done r/roastme, r/rankme, and r/firstimpressions.","",,5qy1ll,,0,,false,1489488353,false,https://b.thumbs.redditmedia.com/e8hoGdKUVRapEdXaTmBzGa_21f896Hislt469Vq7rYI.jpg,t5_39em5,false,,,false,false,,/r/toastme/comments/5qy1ll/bring_it_on_reddit_ive_already_done_rroastme/,,,false,,
1483833848,toastme,[deleted],i.reddituploads.com,https://i.reddituploads.com/864013bc3e1d497bb5de0afa86852763?fit=max&amp;h=1536&amp;w=1536&amp;s=7944058ad1b045f0e53861b6fa6eb9f0,11,24,,,Last year was a rough year. I have a better feeling about 2017. Could use a toast :),[deleted],,5mns0i,,0,,false,1489411617,false,default,t5_39em5,false,,,false,false,,/r/toastme/comments/5mns0i/last_year_was_a_rough_year_i_have_a_better/,,,false,,
1484602106,toastme,[deleted],imgur.com,http://imgur.com/a/sMovt,8,44,,,Okay...just turned 40...could use a boost...,[deleted],,5odm92,,0,,false,1489442232,false,default,t5_39em5,false,,,false,false,,/r/toastme/comments/5odm92/okayjust_turned_40could_use_a_boost/,,,false,,
1485556692,toastme,[deleted],i.reddituploads.com,https://i.reddituploads.com/29e3085cfe0b4be3afa94cab3899191f?fit=max&amp;h=1536&amp;w=1536&amp;s=48ae673eab20fb6e3064de534b288116,2,2,,,I was kind of disappointed my the lack of feedback from r/RoastMe lol So I thought I'd try to get some feedback from here. :),[deleted],,5qk8b5,,0,,false,1489481534,false,default,t5_39em5,false,,,false,false,,/r/toastme/comments/5qk8b5/i_was_kind_of_disappointed_my_the_lack_of/,,,false,,
1483904412,toastme,bix902,m.imgur.com,http://m.imgur.com/a/ulm4T,14,21,,,When I feel fancy I say I have amber eyes,"",,5msosc,,0,,false,1489414044,false,https://b.thumbs.redditmedia.com/b-wthvEEj7uudadOVjQ4rnUoN_py6ldHeOVMTTpohEY.jpg,t5_39em5,false,,,false,false,,/r/toastme/comments/5msosc/when_i_feel_fancy_i_say_i_have_amber_eyes/,,,false,,
1483438513,toastme,[deleted],imgur.com,http://imgur.com/eneZTNF,13,20,,,I'm having a shitty day and could use a pick me up- toast me?,[deleted],,5lr7rz,,0,,false,1489395560,false,default,t5_39em5,false,,,false,false,,/r/toastme/comments/5lr7rz/im_having_a_shitty_day_and_could_use_a_pick_me_up/,,,false,,
1483922299,toastme,KetchupTigers,i.reddituploads.com,https://i.reddituploads.com/5f26731a3eb54e0ab25b0ff5f5306797?fit=max&amp;h=1536&amp;w=1536&amp;s=2b61d809079265bd077c2088f79325bb,10,15,,,Been in the bestfriendzone for two years and could use a pick-me-up!,"",,5mufbk,,0,,false,1489414901,false,https://a.thumbs.redditmedia.com/u_5jZCwe3v4fLeb_6kuVSmyRfIYbY6lF9eqxOEzA3_0.jpg,t5_39em5,false,,,false,false,,/r/toastme/comments/5mufbk/been_in_the_bestfriendzone_for_two_years_and/,,,false,,
1483858001,toastme,[deleted],i.reddituploads.com,https://i.reddituploads.com/13e3e6a385c7449982fe93316f27a0b7?fit=max&amp;h=1536&amp;w=1536&amp;s=63c125f050fe0d5a8c7c43a3e001111f,2,9,,,"2016 was almost my last. Let's hope 2017 is better, yeah?",[deleted],,5mpm2w,,0,,false,1489412521,false,default,t5_39em5,false,,,false,false,,/r/toastme/comments/5mpm2w/2016_was_almost_my_last_lets_hope_2017_is_better/,,,false,,
1483978068,toastme,[deleted],imgur.com,http://imgur.com/gallery/JRAjY,11,23,,,Trying to work up the courage to ask out a girl who's way out of my league. Toast me!,[deleted],,5myh9a,,0,,false,1489416900,false,default,t5_39em5,false,,,false,false,,/r/toastme/comments/5myh9a/trying_to_work_up_the_courage_to_ask_out_a_girl/,,,false,,
1484000827,toastme,StrAngie_Cookie,i.reddituploads.com,https://i.reddituploads.com/b97e1797d96f4e82984773e00d5ca832?fit=max&amp;h=1536&amp;w=1536&amp;s=17d22957b70949d332c04f305a549c1a,32,20,,,"My ex boyfriend told me I should be thankful he ""dated my ugly ass""","",,5n0v68,,0,,false,1489418081,false,https://b.thumbs.redditmedia.com/2Rv1aJIfjDjm1kmZorV9nN6aA8DSfDDYXmoxgjV9cjM.jpg,t5_39em5,false,,,false,false,,/r/toastme/comments/5n0v68/my_ex_boyfriend_told_me_i_should_be_thankful_he/,,,false,,
1484453005,toastme,[deleted],m.imgur.com,http://m.imgur.com/a/4pul6,16,18,,,"two pictures! im exhausted after work and heard two girls laughing about how gross i looked, pls toast :/",[deleted],,5o1wzt,,0,,false,1489436445,false,default,t5_39em5,false,,,false,false,,/r/toastme/comments/5o1wzt/two_pictures_im_exhausted_after_work_and_heard/,,,false,,
1484453128,toastme,[deleted],imgur.com,http://imgur.com/6StorzV,0,1,,,"Just lost half my paycheck. I've been feeling pretty down lately. But hey, at least now I'm engaged.",[deleted],,5o1xbs,,0,,false,1489436450,false,default,t5_39em5,false,,,false,false,,/r/toastme/comments/5o1xbs/just_lost_half_my_paycheck_ive_been_feeling/,,,false,,
1483923441,toastme,mewtucas,i.redd.it,https://i.redd.it/gedl1fhj4l8y.jpg,32,91,,,Depression is through the roof rn. Was hoping someone could help me with that,"",,5muj5x,,0,,false,1489414954,false,https://b.thumbs.redditmedia.com/b5e0oAGsGlWiQrxEmUZueW312nZVDDzeTHE_r2rXoUs.jpg,t5_39em5,false,,toaster,false,false,,/r/toastme/comments/5muj5x/depression_is_through_the_roof_rn_was_hoping/,,[Toaster],false,,
1484885066,toastme,Slashlespaul1997,imgur.com,http://imgur.com/bvWFRpU,0,3,,,"I'm a weirdo with a pug and wants to be a musician. This isn't the most recent photo of me but toast me, you sexy beasts!","",,5p1q3j,,0,,false,1489454127,false,default,t5_39em5,false,,,false,false,,/r/toastme/comments/5p1q3j/im_a_weirdo_with_a_pug_and_wants_to_be_a_musician/,,,false,,
1485574775,toastme,Manhattan_24,imgur.com,http://imgur.com/lMAszxm,14,53,,,"You guys are amazing. Coming from r/wholesomememes, I could use a toast.","",,5qlo3m,,0,,false,1489482244,false,https://b.thumbs.redditmedia.com/Amgd5cPOw4oWU-K_jYRfKWlvB8POrkAb6jlHaBXpfCk.jpg,t5_39em5,false,,,false,false,,/r/toastme/comments/5qlo3m/you_guys_are_amazing_coming_from_rwholesomememes/,,,false,,
1484171136,toastme,[deleted],i.reddituploads.com,https://i.reddituploads.com/b55bdb66d74341b881637ef163bbf0b5?fit=max&amp;h=1536&amp;w=1536&amp;s=bffeda057e75f970707af90f98c295ce,0,1,,,"After posting on r/roast me, my selfesteem hit an all time low, please help me find my self worth!",[deleted],,5nf2js,,0,,false,1489425152,false,default,t5_39em5,false,,,false,false,,/r/toastme/comments/5nf2js/after_posting_on_rroast_me_my_selfesteem_hit_an/,,,false,,
1484200319,toastme,[deleted],i.reddituploads.com,https://i.reddituploads.com/a1f0863619ad46ef9e8b499cc759dd9d?fit=max&amp;h=1536&amp;w=1536&amp;s=8d58fc819880f664c01106c2e93742e2,0,0,,,toast my ass :),[deleted],,5nhogm,,0,,false,1489426434,false,default,t5_39em5,false,,,false,false,,/r/toastme/comments/5nhogm/toast_my_ass/,,,false,,
1484409651,toastme,[deleted],i.reddituploads.com,https://i.reddituploads.com/bffc4aae7cea4c8597416a9325e70ef4?fit=max&amp;h=1536&amp;w=1536&amp;s=ad49e2203624ff3426523cb635c79051,0,1,,,Looking for some kind words to get me through,[deleted],,5ny31b,,0,,false,1489434519,false,default,t5_39em5,false,,,false,false,,/r/toastme/comments/5ny31b/looking_for_some_kind_words_to_get_me_through/,,,false,,
1484092804,toastme,ninjaweasel420,i.reddituploads.com,https://i.reddituploads.com/6a27ae6390884ed7bbd4cea4cab0d828?fit=max&amp;h=1536&amp;w=1536&amp;s=684cb9956c843dce51d7d86d6c27e8a7,1,3,,,Im a bi 14 year old who could use a little toast,"",,5n8ok6,,0,,false,1489421927,false,default,t5_39em5,false,,,false,false,,/r/toastme/comments/5n8ok6/im_a_bi_14_year_old_who_could_use_a_little_toast/,,,false,,
1484144743,toastme,Khadgaar,i.reddituploads.com,https://i.reddituploads.com/da7da059a3ed467f8a0ccd532ecfd21a?fit=max&amp;h=1536&amp;w=1536&amp;s=cef80a4c9b45f66ede74825b45c8339f,8,18,,,"Having a bad day, toast me?","",,5ncfi2,,0,,false,1489423849,false,https://b.thumbs.redditmedia.com/fSRAppM8VD9TJ3sVpiEKcn4_p1fM9oXD5spGfjDit5s.jpg,t5_39em5,false,,,false,false,,/r/toastme/comments/5ncfi2/having_a_bad_day_toast_me/,,,false,,
1485471422,toastme,michaelmusician434,imgur.com,http://imgur.com/iriE2lH,21,25,,,"Been feeling like a burden to everyone I know, I just want to feel better about myself","",,5qdhid,,0,,false,1489477882,false,https://b.thumbs.redditmedia.com/nRzDi1TvO9HKrPcqkX1a-AkO17Tq6WSszUKK7-13AOA.jpg,t5_39em5,false,,,false,false,,/r/toastme/comments/5qdhid/been_feeling_like_a_burden_to_everyone_i_know_i/,,,false,,
1485612007,toastme,KleinVogeltje,i.redd.it,https://i.redd.it/csp28pmplgcy.jpg,25,25,,,Throat-Punched by Mental Health Lately; Boyfriend Thinks I Could Use a Self-Esteem Boost. Would You Kindly...?,"",,5qnoha,,0,,false,1489483234,false,https://a.thumbs.redditmedia.com/5CYvAUaH9S1c71R6uaBEgbpjIdx-3-Shs2Kt5awg5D8.jpg,t5_39em5,false,,,false,false,,/r/toastme/comments/5qnoha/throatpunched_by_mental_health_lately_boyfriend/,,,false,,
1485721597,toastme,HarmlessPie,m.imgur.com,http://m.imgur.com/a/VbGyG,25,20,,,Feeling sort of good about my hair for once. Toast me?,"",,5qvwci,,0,,false,1489487298,false,https://b.thumbs.redditmedia.com/FD1EMnKFHqA7bSG2AGxWXnDNc4e76z2ZNa622vJOBWI.jpg,t5_39em5,false,,,false,false,,/r/toastme/comments/5qvwci/feeling_sort_of_good_about_my_hair_for_once_toast/,,,false,,
1483994312,toastme,[deleted],i.reddituploads.com,https://i.reddituploads.com/08e3569a487b474481076d7a6f44f30e?fit=max&amp;h=1536&amp;w=1536&amp;s=4fd8663e9e4062c4a49267aa5fb10855,0,1,,,today I was my last dermatologist appointment! after 8 years of cystic acne my face has not one pimple- I finally love the way I look ✨,[deleted],,5n06gn,,0,,false,1489417742,false,default,t5_39em5,false,,,false,false,,/r/toastme/comments/5n06gn/today_i_was_my_last_dermatologist_appointment/,,,false,,
1484299718,toastme,[deleted],i.reddituploads.com,https://i.reddituploads.com/52744878322a4022a28d65ab7026b3cb?fit=max&amp;h=1536&amp;w=1536&amp;s=40e0850b2e2ab5f284aa4b7a328066a0,0,1,,,Cant leave the house without makeup. Toast me :),[deleted],,5npp9a,,0,,false,1489430386,false,default,t5_39em5,false,,,false,false,,/r/toastme/comments/5npp9a/cant_leave_the_house_without_makeup_toast_me/,,,false,,
1483536763,toastme,Emma-Hope,imgur.com,https://imgur.com/a/sfkZJ,93,65,,,Toast me lovelies!,"",,5lz4fp,,0,,false,1489399458,false,https://b.thumbs.redditmedia.com/5gYP3qnG2iaXfJ-mTgxCjAIT_-NGfA4XOqDFIbcAlXY.jpg,t5_39em5,false,,,false,false,,/r/toastme/comments/5lz4fp/toast_me_lovelies/,,,false,,
1483687276,toastme,mountainsnstuff,i.reddituploads.com,https://i.reddituploads.com/af2c0268933d4f07bc73ce7c19eab170?fit=max&amp;h=1536&amp;w=1536&amp;s=ea17854a03a0580d2052e04f985404ba,32,41,,,Toast us and send all the love our way.,"",,5mc9xf,,0,,false,1489405937,false,https://b.thumbs.redditmedia.com/uFO59zGETiILvAVC_Mu9qyFBPelaZS7doliV5Zx0sqU.jpg,t5_39em5,false,,,false,false,,/r/toastme/comments/5mc9xf/toast_us_and_send_all_the_love_our_way/,,,false,,
1484207141,toastme,juntvet,i.reddituploads.com,https://i.reddituploads.com/1f5fa24928a14f57a070e6a2447c941d?fit=max&amp;h=1536&amp;w=1536&amp;s=4f75d25316984d1c7b5c67e1fbe563b2,3,5,,,"After posting on r/roast me, my selfesteem hit an all time low, please help me find my self worth!","",,5ni4in,,0,,false,1489426654,false,default,t5_39em5,false,,,false,false,,/r/toastme/comments/5ni4in/after_posting_on_rroast_me_my_selfesteem_hit_an/,,,false,,
1484452720,toastme,Uhh_ICanExplain,imgur.com,http://imgur.com/Zr9QVtw,12,10,,,Life has these ways of reminding you that failure is always an option. Could really use a pick me up right about now.,"",,5o1w73,,0,,false,1489436434,false,https://b.thumbs.redditmedia.com/m_5PyvZTgGPZa7VYwFjLBCVLQX9IS3TYdzsVGvhH5_s.jpg,t5_39em5,false,,,false,false,,/r/toastme/comments/5o1w73/life_has_these_ways_of_reminding_you_that_failure/,,,false,,
1485022895,toastme,adelaide129,i.redd.it,https://i.redd.it/iit04svux3by.jpg,19,61,,,found the necklace i wore to prom and felt like gettin' fancy; toast me!,"",,5pbzh6,,0,,false,1489459186,false,https://b.thumbs.redditmedia.com/xw8fkHE2Arisacoa-Ge2d0s66wWf5_fumT6pVyv2JBc.jpg,t5_39em5,false,,,false,false,,/r/toastme/comments/5pbzh6/found_the_necklace_i_wore_to_prom_and_felt_like/,,,false,,
1484360577,toastme,[deleted],imgur.com,http://imgur.com/JYj5TYi,11,27,,,I just got off work and my best friend might leave me. Let's have a toast.,[deleted],,5nv03k,,0,,false,1489433005,false,default,t5_39em5,false,,,false,false,,/r/toastme/comments/5nv03k/i_just_got_off_work_and_my_best_friend_might/,,,false,,
1484585491,toastme,[deleted],i.reddituploads.com,https://i.reddituploads.com/92d5e4974b54456e97a0d6136f82d151?fit=max&amp;h=1536&amp;w=1536&amp;s=db2b687ce0daf6e9a289979f91cf3e54,5,13,,,I was wrecked on roast me a few weeks ago,[deleted],,5obv97,,0,,false,1489441371,false,default,t5_39em5,false,,,false,false,,/r/toastme/comments/5obv97/i_was_wrecked_on_roast_me_a_few_weeks_ago/,,,false,,
1483321696,toastme,HeliumPaper,imgur.com,http://imgur.com/YKymWcB,19,48,,,"Hoping this year starts off better than last year. Thankfully, last year started off pretty terribly.","",,5lilua,,0,,false,1489391328,false,https://a.thumbs.redditmedia.com/xOTd5fOTIA1r-az0V4lggwp6rR0Q4aZubhbMB94xRc4.jpg,t5_39em5,false,,,false,false,,/r/toastme/comments/5lilua/hoping_this_year_starts_off_better_than_last_year/,,,false,,
1485512762,toastme,[deleted],imgur.com,http://imgur.com/ef1ilr5,19,94,,,"Got my hair done, weekend's around the corner, I'm feeling great!",[deleted],,5qgf0u,,0,,false,1489479608,false,default,t5_39em5,false,,,false,false,,/r/toastme/comments/5qgf0u/got_my_hair_done_weekends_around_the_corner_im/,,,false,,
1484074807,toastme,Connormac246,i.reddituploads.com,https://i.reddituploads.com/f8a0be4788c14d289df0237a33696d94?fit=max&amp;h=1536&amp;w=1536&amp;s=f6f9f82a1e240200dd7bdeeee710c6a7,19,37,,,First time in doing this but could really do with some confidence �� 21m,"",,5n6wiq,,0,,false,1489421052,false,https://b.thumbs.redditmedia.com/EgDBiLk5aiIKfE9KQiu_1n89y_Rk9k4CZp7RjvxtVtM.jpg,t5_39em5,false,,,false,false,,/r/toastme/comments/5n6wiq/first_time_in_doing_this_but_could_really_do_with/,,,false,,
1484376277,toastme,ahoyitsnick,i.reddituploads.com,https://i.reddituploads.com/dc34865807cb4610a0c73762ef96dab6?fit=max&amp;h=1536&amp;w=1536&amp;s=d51d13592abb2d2c2ab1100026fb69ab,17,42,,,"""We did twenty takes, and THAT was the best one..."" - Mr. Burns. I'm a rather nervous guy and lack much confidence. Frankly, it's taking all my nerves to post this. If you'd care to toast me, it'd make my day.","",,5nw55x,,0,,false,1489433567,false,https://b.thumbs.redditmedia.com/kLFM8jePDjr1ON_TsYvvQ7ey0961oZm687cE6phl9QE.jpg,t5_39em5,false,,,false,false,,/r/toastme/comments/5nw55x/we_did_twenty_takes_and_that_was_the_best_one_mr/,,,false,,
1484951644,toastme,TomokoOnWheels,imgur.com,https://imgur.com/gallery/hilFc,6,40,,,I am a loner by choice and wheelchair girl People in internet really don't like me. they call me stupid and ugly I hope i will be cute if i lost some kg. I am on diet and people around me already see that i sm a little bit slimmer than i was,"",,5p73ym,,0,,false,1489456785,false,default,t5_39em5,false,,,false,false,,/r/toastme/comments/5p73ym/i_am_a_loner_by_choice_and_wheelchair_girl_people/,,,false,,
1484118831,toastme,[deleted],imgur.com,http://imgur.com/a/8FjDQ,7,9,,,"My girlfriend often struggles with self esteem issues, I think she needs a toasting!",[deleted],,5nastj,,0,,false,1489422966,false,default,t5_39em5,false,,,false,false,,/r/toastme/comments/5nastj/my_girlfriend_often_struggles_with_self_esteem/,,,false,,
1484776932,toastme,[deleted],i.reddituploads.com,https://i.reddituploads.com/4d9b0ddb52984312a9f75e510a241b87?fit=max&amp;h=1536&amp;w=1536&amp;s=36ad1f127eaa02054faa3e13e73c9b6a,0,1,,,I just want some good vibes my way.,[deleted],,5osgji,,0,,false,1489449561,false,default,t5_39em5,false,,,false,false,,/r/toastme/comments/5osgji/i_just_want_some_good_vibes_my_way/,,,false,,
1484677524,toastme,jazzmaniac91,i.reddituploads.com,https://i.reddituploads.com/c0f19571d5e14f50af78ee4029425f2d?fit=max&amp;h=1536&amp;w=1536&amp;s=2af8f0e2190f3dc2cc0c33490d6d3598,42,141,,,My kid sister died of cancer last month. I just started going back to work/school and I'm really tired. Positive vibes please?,"",,5ojqn0,,0,,false,1489445251,false,https://b.thumbs.redditmedia.com/-1VW9_jkQXF8XveHQwJztRYTXghWKs8BzMSfG6tPmfI.jpg,t5_39em5,false,,,false,false,,/r/toastme/comments/5ojqn0/my_kid_sister_died_of_cancer_last_month_i_just/,,,false,,
1483696819,toastme,[deleted],i.reddituploads.com,https://i.reddituploads.com/9691574831b44c3c8b68191562667e91?fit=max&amp;h=1536&amp;w=1536&amp;s=1ad6bc5cd7003778835570994d2e38ab,3,10,,,"I can't sleep and I've been wanting to post here, show me what you got!",[deleted],,5mcsju,,0,,false,1489406193,false,default,t5_39em5,false,,,false,false,,/r/toastme/comments/5mcsju/i_cant_sleep_and_ive_been_wanting_to_post_here/,,,false,,
1483913700,toastme,[deleted],imgur.com,http://imgur.com/8nOgdNs,1,2,,,"I've earned the nickname ""princess!""",[deleted],,5mtlqi,,0,,false,1489414497,false,default,t5_39em5,false,,,false,false,,/r/toastme/comments/5mtlqi/ive_earned_the_nickname_princess/,,,false,,
1485208603,toastme,[deleted],i.reddituploads.com,https://i.reddituploads.com/7f8247bbfdb441f6bc15fb705cdcb6aa?fit=max&amp;h=1536&amp;w=1536&amp;s=7067d7e9493d322d715281b77800310f,6,4,,,Feeling pretty shitty lately.,[deleted],,5przbp,,0,,false,1489467099,false,default,t5_39em5,false,,,false,false,,/r/toastme/comments/5przbp/feeling_pretty_shitty_lately/,,,false,,
1483388084,toastme,Battleduck72,i.redd.it,https://i.redd.it/ovjhnmh9wc7y.jpg,43,95,,,"Starting this year skint, sad and newly single. Can I please ask for a toast?","",,5lnbcd,,0,,false,1489393644,false,https://a.thumbs.redditmedia.com/iDaVLHWX3-9T8EQQTNzW0qj4cLHVQkGKieo5dx8wUG8.jpg,t5_39em5,false,,,false,false,,/r/toastme/comments/5lnbcd/starting_this_year_skint_sad_and_newly_single_can/,,,false,,
1485861771,toastme,VultokoFredrik,imgur.com,http://imgur.com/gallery/RI9JB,11,10,,,"17 year old youngster going through some rough times with family issues and large amounts of schoolwork. Usually able to pull through myself, but I think I am in the need of a toast over here.","",,5r7m23,,0,,false,1489493070,false,https://b.thumbs.redditmedia.com/fd65vYlfBbn8AGPZ3hn1CjvlQvBjanpkLsKxIxQU2fs.jpg,t5_39em5,false,,,false,false,,/r/toastme/comments/5r7m23/17_year_old_youngster_going_through_some_rough/,,,false,,
1484468198,toastme,[deleted],i.reddituploads.com,https://i.reddituploads.com/9b2473fbcb824fc9b7b52dc672585d94?fit=max&amp;h=1536&amp;w=1536&amp;s=f12b691450ee91de6b19658e2a3409de,0,1,,,I'm worried about my future and my mind isn't treating me very well right now. Toast me please!,[deleted],,5o2wnm,,0,,false,1489436932,false,default,t5_39em5,false,,,false,false,,/r/toastme/comments/5o2wnm/im_worried_about_my_future_and_my_mind_isnt/,,,false,,
1484968241,toastme,[deleted],imgur.com,http://imgur.com/a/HWt8M,0,1,,,Had a Bad Day - Cheers!,[deleted],,5p8gyv,,0,,false,1489457460,false,default,t5_39em5,false,,,false,false,,/r/toastme/comments/5p8gyv/had_a_bad_day_cheers/,,,false,,
1483241573,toastme,LordBran,i.reddituploads.com,https://i.reddituploads.com/bbce5ee4077d4fbe9f78e01bbc277208?fit=max&amp;h=1536&amp;w=1536&amp;s=e9d7439b7c738524eda46a96a8c1e53a,12,11,,,"Only single person here, so gonna be lonely at midnight :( toast me? (Done one post before, so don't think I need the official thing)","",,5ldc41,,0,,false,1489388734,false,default,t5_39em5,false,,sir,false,false,,/r/toastme/comments/5ldc41/only_single_person_here_so_gonna_be_lonely_at/,,Sir,false,,
1483766392,toastme,[deleted],imgur.com,https://imgur.com/a/sXDrZ,10,8,,,"[19M] I've got some changes to make, but what am I doing right?",[deleted],,5mis17,,0,,false,1489409147,false,default,t5_39em5,false,,,false,false,,/r/toastme/comments/5mis17/19m_ive_got_some_changes_to_make_but_what_am_i/,,,false,,
1485828657,toastme,[deleted],i.reddituploads.com,https://i.reddituploads.com/069fde5ea2174af6b4c8b12502d46d59?fit=max&amp;h=1536&amp;w=1536&amp;s=6339031bfca0e2169d7ef8c8c6623525,4,20,,,I could use a toast right about now,[deleted],,5r5bw9,,0,,false,1489491945,false,default,t5_39em5,false,,,false,false,,/r/toastme/comments/5r5bw9/i_could_use_a_toast_right_about_now/,,,false,,
1483253265,toastme,Velocrapture,i.redd.it,https://i.redd.it/hnsgj17or17y.png,31,44,,,sorry for the side ways pic my phones not very smart but i'm alone on new years and insecure some positivity would help a ton,"",,5le0o5,,0,,false,1489389069,false,https://b.thumbs.redditmedia.com/rmjNp1S9hoQ7icaQIKp0T9lsxSPtOuRIN3L93n4__VI.jpg,t5_39em5,false,,,false,false,,/r/toastme/comments/5le0o5/sorry_for_the_side_ways_pic_my_phones_not_very/,,,false,,
1483978454,toastme,nadialyssa,i.reddituploads.com,https://i.reddituploads.com/6a04c60fa76a4762aa293809d7d12c99?fit=max&amp;h=1536&amp;w=1536&amp;s=bf7e83885c0df29594a29428a780e760,33,222,,,"My dads a wonderful, sweet, caring person. However, he hates pictures because he struggles with self-image. Please give my dad a toast!","",,5myiok,,0,,false,1489416919,false,default,t5_39em5,false,,,false,false,,/r/toastme/comments/5myiok/my_dads_a_wonderful_sweet_caring_person_however/,,,false,,
1484319178,toastme,quarianCutie,i.redd.it,https://i.redd.it/sbuwg9a7th9y.jpg,21,49,,,"Feeling really anxious about my appearance and weight. Toast me, please!","",,5nr0bj,,0,,false,1489431038,false,https://b.thumbs.redditmedia.com/b6XOWOKi2Aw0ykZAhbA8riBs2Z8drTbTtK_HcuJUC7Q.jpg,t5_39em5,false,,cocktail,false,false,,/r/toastme/comments/5nr0bj/feeling_really_anxious_about_my_appearance_and/,,[Mmmargarita],false,,
1484284104,toastme,[deleted],m.imgur.com,http://m.imgur.com/fMAiwVk,1,2,,,My friend is sad all the time and won't stop calling himself an idiot. Toast pls,[deleted],,5noomm,,0,,false,1489429885,false,default,t5_39em5,false,,,false,false,,/r/toastme/comments/5noomm/my_friend_is_sad_all_the_time_and_wont_stop/,,,false,,
1484284706,toastme,ryan_16,m.imgur.com,http://m.imgur.com/P58h6yN,13,71,,,My friend is always sad and he calls himself an idiot a lot. Toast pls,"",,5noqef,,0,,false,1489429909,false,https://b.thumbs.redditmedia.com/rqX3-QOvDaTn3HrtZ1SsHHq-bOOS8x_d8VWrkHEc5pY.jpg,t5_39em5,false,,,false,false,,/r/toastme/comments/5noqef/my_friend_is_always_sad_and_he_calls_himself_an/,,,false,,
1484036954,toastme,[deleted],imgur.com,http://imgur.com/a/IHBaN,5,6,,,Am i doing this right?,[deleted],,5n3x7a,,0,,false,1489419583,false,default,t5_39em5,false,,,false,false,,/r/toastme/comments/5n3x7a/am_i_doing_this_right/,,,false,,
1484234039,toastme,[deleted],imgur.com,http://imgur.com/a/vLqse,64,68,,,"23 y/o female, foolishly posted on rateme and amiugly and now I can't stop worrying about my appearance.","",,5njv73,,0,,false,1489427515,false,https://b.thumbs.redditmedia.com/cO9grb15pcYXhHjE5Px-xbuAIUNrJcQekWPMrij_3RM.jpg,t5_39em5,false,,,false,false,,/r/toastme/comments/5njv73/23_yo_female_foolishly_posted_on_rateme_and/,,,false,,
1484345024,toastme,somecallmenonny,i.reddituploads.com,https://i.reddituploads.com/deec998401b84c5e847c5e68917c99aa?fit=max&amp;h=1536&amp;w=1536&amp;s=a8f614a4883ace0c8062af1677c26221,9,15,,,"Trying to get used to taking selfies to start an online dating profile and could use a confidence boost. Reddit, please toast me! :)","",,5ntml9,,0,,false,1489432328,false,https://b.thumbs.redditmedia.com/9wHMx6m7UoW2tuAx1Z7vv4Z0mGWVTji1dqrL0cym1lk.jpg,t5_39em5,false,,,false,false,,/r/toastme/comments/5ntml9/trying_to_get_used_to_taking_selfies_to_start_an/,,,false,,
1483408437,toastme,[deleted],i.redd.it,https://i.redd.it/enkvem5cle7y.jpg,0,2,,,Toast me? Thanks,[deleted],,5lp5nl,,0,,false,1489394550,false,default,t5_39em5,false,,,false,false,,/r/toastme/comments/5lp5nl/toast_me_thanks/,,,false,,
1483644596,toastme,[deleted],m.imgur.com,https://m.imgur.com/a/GNEHr,0,3,,,:D,[deleted],,5m8h8b,,0,,false,1489404070,false,default,t5_39em5,false,,,false,false,,/r/toastme/comments/5m8h8b/d/,,,false,,
1483900791,toastme,itssowingseason,i.reddituploads.com,https://i.reddituploads.com/556d7340429243098a0982646a507f6f?fit=max&amp;h=1536&amp;w=1536&amp;s=a664fec7986b6073a6d71d823df15dd7,49,93,,,Depression's been here so long it's like a household appliance. My girlfriend keeps me afloat but I need to self-improve so I don't weigh her down too. Toast me?,"",,5msc3w,,0,,false,1489413870,false,https://b.thumbs.redditmedia.com/D2bth1zhGTKTOHiaLySfVm3_V1rP2sk4QP95w24LDMc.jpg,t5_39em5,false,,,false,false,,/r/toastme/comments/5msc3w/depressions_been_here_so_long_its_like_a/,,,false,,
1485031844,toastme,piecheatsteal,i.reddituploads.com,https://i.reddituploads.com/5f7e0511659448c78819a2707ab445b6?fit=max&amp;h=1536&amp;w=1536&amp;s=77ff0de58f24c864302d199f2df8c61f,13,10,,,Just got rejected :( always been bad with women so could use a confidence booster :),"",,5pctbb,,0,,false,1489459595,false,https://b.thumbs.redditmedia.com/ekfngLD9OLONvxeP4PUQ5tjMY-XywqZvWffIU5x6sEs.jpg,t5_39em5,false,,pint,false,false,,/r/toastme/comments/5pctbb/just_got_rejected_always_been_bad_with_women_so/,,[Beeravo!],false,,
1484626473,toastme,Venomyz,imgur.com,http://imgur.com/a/qTqyg,23,17,,,"Feeling sads, could use toasts. Thank.","",,5ofwxn,,0,,false,1489443365,false,https://a.thumbs.redditmedia.com/XLWpfX8TGrAocI12lPV4UEywOtgvg8Z2GtBk7TPf9-0.jpg,t5_39em5,false,,wine,false,false,,/r/toastme/comments/5ofwxn/feeling_sads_could_use_toasts_thank/,,[Red red wine],false,,
1485527401,toastme,danpainter,i.reddituploads.com,https://i.reddituploads.com/259fcd97c3d8476097dda4220a533a57?fit=max&amp;h=1536&amp;w=1536&amp;s=e4a09b9065efcc0df92582551aca93d9,10,15,,,Do your best ��,"",,5qhdw0,,0,,false,1489480138,false,https://b.thumbs.redditmedia.com/IsG_6SfaMDCDghdKmYsolT3xIwJTj55JOgVH3aeVF5M.jpg,t5_39em5,false,,,false,false,,/r/toastme/comments/5qhdw0/do_your_best/,,,false,,
1483294164,toastme,Feisty_Red,m.imgur.com,http://m.imgur.com/X7rQsDX?r,84,134,,,"I have been feeling like giving up lately. 25 y/o female with no self-worth. Help pick me up, please.","",,5lg9js,,0,,false,1489390171,false,https://b.thumbs.redditmedia.com/r47GmyTGNg3PAWw0QyEm24FZv70JilXCINPSPl8gYxA.jpg,t5_39em5,false,,,false,false,,/r/toastme/comments/5lg9js/i_have_been_feeling_like_giving_up_lately_25_yo/,,,false,,
1485128378,toastme,1Daverham,imgur.com,http://imgur.com/z5Nlwq5,36,48,,,Do your best.,"",,5pknfx,,0,,false,1489463452,false,https://a.thumbs.redditmedia.com/_EP26Ta2y_BaEdQNcnhDnAb4MhH0C_6FgiurPPb_I68.jpg,t5_39em5,false,,,false,false,,/r/toastme/comments/5pknfx/do_your_best/,,,false,,
1483533781,toastme,[deleted],i.redd.it,https://i.redd.it/go479kpnxo7y.jpg,28,99,,,"[M21] After a streak of dates with no chemistry, I got one coming up this week with a girl I think might turn into something! Could use some more pumping up.",[deleted],,5lywis,,0,,false,1489399347,false,default,t5_39em5,false,,,false,false,,/r/toastme/comments/5lywis/m21_after_a_streak_of_dates_with_no_chemistry_i/,,,false,,
1483879608,toastme,[deleted],imgur.com,http://imgur.com/a/MVEPq,10,27,,,"Starting a journey to self improvement, toast me!",[deleted],,5mqozv,,0,,false,1489413060,false,default,t5_39em5,false,,,false,false,,/r/toastme/comments/5mqozv/starting_a_journey_to_self_improvement_toast_me/,,,false,,
1484441347,toastme,[deleted],imgur.com,http://imgur.com/xANmaGB,55,214,,,"After being obese for 18 years, at age 23 I am getting my butt in gear to change this. I'm 4 months in and 30 lbs down. No one has noticed yet, and that is ok. I feel way better. And I can squat now!",[deleted],,5o0zz7,,0,,false,1489435994,false,default,t5_39em5,false,,,false,false,,/r/toastme/comments/5o0zz7/after_being_obese_for_18_years_at_age_23_i_am/,,,false,,
1484453849,toastme,[deleted],imgur.com,http://imgur.com/Cg8clEx,0,1,,,"Had a hard week, just lost half my paycheck. Give me a reason to get up tomorrow morning.",[deleted],,5o1z8i,,0,,false,1489436475,false,default,t5_39em5,false,,,false,false,,/r/toastme/comments/5o1z8i/had_a_hard_week_just_lost_half_my_paycheck_give/,,,false,,
1484454370,toastme,[deleted],imgur.com,http://imgur.com/a/waMuq,14,14,,,I just lost half my paycheck. I've been pretty down lately. Give me a reason to get up in the morning.,[deleted],,5o20lb,,0,,false,1489436494,false,default,t5_39em5,false,,,false,false,,/r/toastme/comments/5o20lb/i_just_lost_half_my_paycheck_ive_been_pretty_down/,,,false,,
1485208006,toastme,[deleted],i.redd.it,https://i.redd.it/72m37gck7jby.jpg,2,5,,,"23, having trouble making friends, haven't had a girlfriend yet, and generally feeling really inadequate. Could use a confidence boost :)",[deleted],,5prx4e,,0,,false,1489467070,false,default,t5_39em5,false,,,false,false,,/r/toastme/comments/5prx4e/23_having_trouble_making_friends_havent_had_a/,,,false,,
1483834692,toastme,LocoCocoa9613,imgur.com,http://imgur.com/a/0Zqib,43,49,,,"I've always hated the way I look. 20 years old (Yes, really).","",,5mnuuk,,0,,false,1489411657,false,https://b.thumbs.redditmedia.com/Oq_YEbGGSON87W6ddc7o8ht7pI237K7N7UqGRogelLw.jpg,t5_39em5,false,,,false,false,,/r/toastme/comments/5mnuuk/ive_always_hated_the_way_i_look_20_years_old_yes/,,,false,,
1484141407,toastme,bix902,m.imgur.com,http://m.imgur.com/a/ol4Kh,11,63,,,Practice self confidence by taking pictures the way you want,"",,5nc61r,,0,,false,1489423718,false,https://b.thumbs.redditmedia.com/5AwajOnm5Igtxb-1CK_OseqqoX8hpRByl4oREXUlspQ.jpg,t5_39em5,false,,,false,false,,/r/toastme/comments/5nc61r/practice_self_confidence_by_taking_pictures_the/,,,false,,
1483983317,toastme,[deleted],i.reddituploads.com,https://i.reddituploads.com/5376bf8debae419fb3d9d3a892727c50?fit=max&amp;h=1536&amp;w=1536&amp;s=5e5c6848f62f1d99cba9c4c62f04e00d,0,1,,,real talk,[deleted],,5mz0iv,,0,,false,1489417166,false,default,t5_39em5,false,,,false,false,,/r/toastme/comments/5mz0iv/real_talk/,,,false,,
1484777539,toastme,[deleted],i.reddituploads.com,https://i.reddituploads.com/937338fae1f94897ab65e1278baba72b?fit=max&amp;h=1536&amp;w=1536&amp;s=4afb0f6937aeb9098ba91e39451af517,0,1,,,My title here. I dont really know what else to say...,[deleted],,5osisb,,0,,false,1489449592,false,default,t5_39em5,false,,,false,false,,/r/toastme/comments/5osisb/my_title_here_i_dont_really_know_what_else_to_say/,,,false,,
1483745458,toastme,imJoelandwhatsthis,i.redd.it,https://i.redd.it/g6foie3re68y.jpg,18,64,,,Feeling pretty bummed this morning after I embarrassed myself on a night of drinking. Toast me?,"",,5mh0yd,,0,,false,1489408287,false,https://b.thumbs.redditmedia.com/zxB3fCaWTs8tUcer2uQHVLTn033FSwy53H1Et9H_aPY.jpg,t5_39em5,false,,,false,false,,/r/toastme/comments/5mh0yd/feeling_pretty_bummed_this_morning_after_i/,,,false,,
1484505950,toastme,Agirlyoudontknow,m.imgur.com,https://m.imgur.com/gallery/eT3hs,17,30,,,I have severe mental health issues I'm trying to get in track my last posts title was lame so help me feel better please♡,"",,5o5k7h,,0,,false,1489438241,false,https://b.thumbs.redditmedia.com/1YA4H0utv8ceN7_qpe2IqdNQE3miCpZJoCY7h_Wbe9s.jpg,t5_39em5,false,,,false,false,,/r/toastme/comments/5o5k7h/i_have_severe_mental_health_issues_im_trying_to/,,,false,,
1484521680,toastme,szeb91,i.redd.it,https://i.redd.it/fopptl2gjy9y.png,18,39,,,"Chronic fatigue brought back body image and confidence issues, could use some reassurance :)","",,5o73zp,,0,,false,1489439006,false,default,t5_39em5,false,,,false,false,,/r/toastme/comments/5o73zp/chronic_fatigue_brought_back_body_image_and/,,,false,,
1485323097,toastme,[deleted],i.reddituploads.com,https://i.reddituploads.com/2708c016dbbb4237a1e296591e94a96b?fit=max&amp;h=1536&amp;w=1536&amp;s=32cfd01ebcef0beb396380f6201696c6,3,7,,,Fully recovered from anorexia and feeling decent about myself (recovery pic in is bikini) **(take down if needed)**,[deleted],,5q1jam,,0,,false,1489471808,false,default,t5_39em5,false,,,false,false,,/r/toastme/comments/5q1jam/fully_recovered_from_anorexia_and_feeling_decent/,,,false,,
1483697395,toastme,xxclownkill3rxx,i.reddituploads.com,https://i.reddituploads.com/e7f7792728214df59ef34776720c5cab?fit=max&amp;h=1536&amp;w=1536&amp;s=b3a16a2d7df6704c4c916454792d8949,7,9,,,Boredom at work feeling Bleh. How is your night going,"",,5mctr0,,0,,false,1489406210,false,https://b.thumbs.redditmedia.com/7ITP-wUNJiw72cFFYkbmsf4rqq9YL3BPdnWkLRGD10w.jpg,t5_39em5,false,,,false,false,,/r/toastme/comments/5mctr0/boredom_at_work_feeling_bleh_how_is_your_night/,,,false,,
1483947608,toastme,auspoppy,imgur.com,https://imgur.com/a/w6z6v,22,10,,,"Been a pretty rough day, maybe you can cheer me up?","",,5mwf5b,,0,,false,1489415885,false,https://b.thumbs.redditmedia.com/hXLTxOVZd-lzzuByJuYbRvRMIAuo7XY32CYHhBCtHhI.jpg,t5_39em5,false,,,false,false,,/r/toastme/comments/5mwf5b/been_a_pretty_rough_day_maybe_you_can_cheer_me_up/,,,false,,
1484188229,toastme,ColdFire_1267,i.imgur.com,http://i.imgur.com/dmUdnH6.jpg,29,69,,,Been sick had a hard day could use some positivity please and thank you,"",,5ngop1,,0,,false,1489425945,false,https://b.thumbs.redditmedia.com/OVncC72i1JUPSfYQkjTzCMQzPIDDgRld-VHviSaQ6hE.jpg,t5_39em5,false,,,false,false,,/r/toastme/comments/5ngop1/been_sick_had_a_hard_day_could_use_some/,,,false,,
1485402840,toastme,thegoatfreak,i.reddituploads.com,https://i.reddituploads.com/7f4b92e7ee914e87ac29436daf8bcb49?fit=max&amp;h=1536&amp;w=1536&amp;s=d820e205ecbe5d93094742efa8f226fd,7,12,,,Been a little hard on myself recently. Could really use some uplifting words.,"",,5q84xh,,0,,false,1489475056,false,https://b.thumbs.redditmedia.com/zE31XtR0R_JfYuCm08mvsge0b7SmJLD1hCLNfaVzRuI.jpg,t5_39em5,false,,,false,false,,/r/toastme/comments/5q84xh/been_a_little_hard_on_myself_recently_could/,,,false,,
1485832758,toastme,DeseretB,i.redd.it,https://i.redd.it/iraipbu0tycy.png,14,43,,,"Job hunt hasn't been going great. I'm trying to keep positive, but I could use a little boost.","",,5r5ppe,,0,,false,1489492134,false,https://b.thumbs.redditmedia.com/_QbEHRmD3upPlpKd6uSD6VGvi-aGPjtWDt4gmZgiqfw.jpg,t5_39em5,false,,,false,false,,/r/toastme/comments/5r5ppe/job_hunt_hasnt_been_going_great_im_trying_to_keep/,,,false,,
1483867568,toastme,[deleted],i.redd.it,https://i.redd.it/s5h4wolhig8y.png,1,4,,,Need a little pick me up,[deleted],,5mq3i6,,0,,false,1489412759,false,default,t5_39em5,false,,,false,false,,/r/toastme/comments/5mq3i6/need_a_little_pick_me_up/,,,false,,
1484857883,toastme,[deleted],imgur.com,https://imgur.com/a/rHbN0#CkoVuuR,4,12,,,feeling weird about my weird face,[deleted],,5oz3lg,,0,,false,1489452834,false,default,t5_39em5,false,,,false,false,,/r/toastme/comments/5oz3lg/feeling_weird_about_my_weird_face/,,,false,,
1485564377,toastme,CapBisclavret,i.redd.it,https://i.redd.it/3exjgrtynccy.jpg,9,28,,,Feeling really down lately. I've had a lot of trouble finding a job. Bring on the toast?,"",,5qkwcg,,0,,false,1489481863,false,https://b.thumbs.redditmedia.com/mKpSSPLbbjIJmeXiMLho_l2nKhiVhsUYqlg7-vYDyvo.jpg,t5_39em5,false,,,false,false,,/r/toastme/comments/5qkwcg/feeling_really_down_lately_ive_had_a_lot_of/,,,false,,
1484896850,toastme,[deleted],imgur.com,https://imgur.com/a/wzN0C,0,1,,,16 M only pic of me i have atm,[deleted],,5p2khm,,0,,false,1489454545,false,default,t5_39em5,false,,,false,false,,/r/toastme/comments/5p2khm/16_m_only_pic_of_me_i_have_atm/,,,false,,
1485722473,toastme,[deleted],i.redd.it,https://i.redd.it/fwgk3tl4qpcy.jpg,12,11,,,Toast me. Thanks.,[deleted],,5qvzco,,0,,false,1489487339,false,default,t5_39em5,false,,,false,false,,/r/toastme/comments/5qvzco/toast_me_thanks/,,,false,,
1483943913,toastme,cannibalfelix,i.reddituploads.com,https://i.reddituploads.com/dc5a5aeda9ac45cf86b775cf5756f852?fit=max&amp;h=1536&amp;w=1536&amp;s=9ba672d36f5e53366ac258b2eb82f0b8,10,8,,,"Just got roasted, could I get toasted now?","",,5mw73n,,0,,false,1489415774,false,https://b.thumbs.redditmedia.com/RtD1ZLYkTBJ-BY9pZFbxphWHYqGRvSd9nSdNJVXEVhc.jpg,t5_39em5,false,,,false,false,,/r/toastme/comments/5mw73n/just_got_roasted_could_i_get_toasted_now/,,,false,,
1484113795,toastme,gabbypls,i.reddituploads.com,https://i.reddituploads.com/c1fb6aff20e84eac833e113cea6d5488?fit=max&amp;h=1536&amp;w=1536&amp;s=e0458a85acd9ec7639c286750c8c68c0,28,83,,,2016 was rough. My intuition's telling me 2017 will be better. Would appreciate some kindness from my Reddit community :),"",,5nagcq,,0,,false,1489422795,false,https://b.thumbs.redditmedia.com/iep2sJQ_ugiHr1r5vECQCvKqdCKCWJ0hWtbs3LnW07M.jpg,t5_39em5,false,,,false,false,,/r/toastme/comments/5nagcq/2016_was_rough_my_intuitions_telling_me_2017_will/,,,false,,
1484952018,toastme,jocoseshrubbery,i.redd.it,https://i.redd.it/vvwx8x303yay.jpg,15,51,,,Just got dumped-- via facebook. Toast me?,"",,5p756s,,0,,false,1489456802,false,https://b.thumbs.redditmedia.com/8LGTU-IVCijeehyDdufa3i38Zm1f2WzkMXojbOJZkzQ.jpg,t5_39em5,false,,,false,false,,/r/toastme/comments/5p756s/just_got_dumped_via_facebook_toast_me/,,,false,,
1483722646,toastme,[deleted],i.reddituploads.com,https://i.reddituploads.com/d6461b76574a4eed8aa1540d7c9905a9?fit=max&amp;h=1536&amp;w=1536&amp;s=0585c40415e513780334824f391b9c8e,24,39,,,"I'm feeling more lonely and down than ever, I would love to smile a bit tonight :)",[deleted],,5meqqa,,0,,false,1489407158,false,default,t5_39em5,false,,,false,false,,/r/toastme/comments/5meqqa/im_feeling_more_lonely_and_down_than_ever_i_would/,,,false,,
1483995088,toastme,[deleted],i.reddituploads.com,https://i.reddituploads.com/3b2f787ba8464e2388577056a7837138?fit=max&amp;h=1536&amp;w=1536&amp;s=2da7332cef2dd244fc2cb53520577f5c,19,27,,,today was my last dermatologist appointment! after 8 years of cystic acne I have not one pimple left on my face- I finally love the way I look ✨,[deleted],,5n09gl,,0,,false,1489417782,false,default,t5_39em5,false,,,false,false,,/r/toastme/comments/5n09gl/today_was_my_last_dermatologist_appointment_after/,,,false,,
1483907764,toastme,matthekidd,imgur.com,http://imgur.com/h7GJNqF,17,28,,,My confidence just took a huge blow. Please toast me!,"",,5mt0oy,,0,,false,1489414208,false,https://a.thumbs.redditmedia.com/0rJEiAWlPXgcw2f6k15r7D_G3-iItgqlSnL93fthn74.jpg,t5_39em5,false,,,false,false,,/r/toastme/comments/5mt0oy/my_confidence_just_took_a_huge_blow_please_toast/,,,false,,
1484096021,toastme,Maxaltitude11,imgur.com,http://imgur.com/ISQVgkl,8,53,,,After many attempts at getting a picture i don't hate...,"",,5n8z8n,,0,,false,1489422072,false,https://b.thumbs.redditmedia.com/u7iOURmgGlWyrdhbbkgw5dhHxElBbhVdgEojgyQ-fVE.jpg,t5_39em5,false,,,false,false,,/r/toastme/comments/5n8z8n/after_many_attempts_at_getting_a_picture_i_dont/,,,false,,
1485060463,toastme,LadyArielle314,i.reddituploads.com,https://i.reddituploads.com/df8a3c8787d746f9b2b6196a69b69c87?fit=max&amp;h=1536&amp;w=1536&amp;s=ed50f7d2de21cd6e686c742858ec998d,9,26,,,23 year old who got rejected from a full time position.,"",,5pf9be,,0,,false,1489460798,false,https://b.thumbs.redditmedia.com/C3ZntzIwnzaseMwEiBE6jiYf64zQvSF6frOmaMmA01k.jpg,t5_39em5,false,,,false,false,,/r/toastme/comments/5pf9be/23_year_old_who_got_rejected_from_a_full_time/,,,false,,
1484620513,toastme,[deleted],i.reddituploads.com,https://i.reddituploads.com/cc2fa4060ec342fcb9cb2f6cff8a94c1?fit=max&amp;h=1536&amp;w=1536&amp;s=d8ba91aaa296e12a701ea3cdc419e60d,1,1,,,Feeling run down. Say nice things to me.,[deleted],,5ofe3o,,0,,false,1489443108,false,default,t5_39em5,false,,,false,false,,/r/toastme/comments/5ofe3o/feeling_run_down_say_nice_things_to_me/,,,false,,
1483924717,toastme,graceddalton,i.reddituploads.com,https://i.reddituploads.com/d7ff2fe30bd749f38ab4b9df9b87573d?fit=max&amp;h=1536&amp;w=1536&amp;s=98d11496216b4eef97f374504e90bf9c,13,10,,,"Got torn apart in r/RoastMe, anyone care to give a smile?","",,5muni3,,0,,false,1489415013,false,default,t5_39em5,false,,,false,false,,/r/toastme/comments/5muni3/got_torn_apart_in_rroastme_anyone_care_to_give_a/,,,false,,
1485871529,toastme,industrial_craze,imgur.com,http://imgur.com/Drx7ucJ,21,127,,,"Been having a rough couple of weeks, could use some positivity!","",,5r8d53,,0,,false,1489493442,false,https://b.thumbs.redditmedia.com/v7YCuQVIKqOJu1uSmIX0CF1WjI9Wp1dt-p6McIpnrbE.jpg,t5_39em5,false,,,false,false,,/r/toastme/comments/5r8d53/been_having_a_rough_couple_of_weeks_could_use/,,,false,,
1484370124,toastme,[deleted],i.imgur.com,http://i.imgur.com/l6h8NJN.jpg,13,30,,,Life right now feels like I'm lost in a big ocean in a really tiny boat. Help me stay afloat!,[deleted],,5nvqcl,,0,,false,1489433364,false,default,t5_39em5,false,,,false,false,,/r/toastme/comments/5nvqcl/life_right_now_feels_like_im_lost_in_a_big_ocean/,,,false,,
1485371192,toastme,[deleted],i.reddituploads.com,https://i.reddituploads.com/15e4e4fe914e4a939992ae227fa4c6aa?fit=max&amp;h=1536&amp;w=1536&amp;s=9dae1761b61629450bb5e46aecb0bfc1,8,38,,,"Had a pretty shit day, could use some nice words",[deleted],,5q54uh,,0,,false,1489473577,false,default,t5_39em5,false,,,false,false,,/r/toastme/comments/5q54uh/had_a_pretty_shit_day_could_use_some_nice_words/,,,false,,
1485755811,toastme,[deleted],i.reddituploads.com,https://i.reddituploads.com/c320d5b91db5459c963d0057428dd8c8?fit=max&amp;h=1536&amp;w=1536&amp;s=62d80e10c1cd993bf2513f86597799c6,8,29,,,I'm so gifted at finding what I don't like the most... So I think it's time for us to have a toast.,[deleted],,5qz0i6,,0,,false,1489488832,false,default,t5_39em5,false,,,false,false,,/r/toastme/comments/5qz0i6/im_so_gifted_at_finding_what_i_dont_like_the_most/,,,false,,
1484312360,toastme,highperformancedoot,i.redd.it,https://i.redd.it/txxuvy1t8h9y.png,11,27,,,having a rough day could use a toast.cheers.,"",,5nqglo,,0,,false,1489430760,false,https://b.thumbs.redditmedia.com/6yb5aLGMyrz6DaJxhUXFb1NEo1lMc4xVNcVr4EA2j-c.jpg,t5_39em5,false,,,false,false,,/r/toastme/comments/5nqglo/having_a_rough_day_could_use_a_toastcheers/,,,false,,
1484360708,toastme,Booklover_2001,i.imgur.com,http://i.imgur.com/JRoC6YC.jpg,29,107,,,Don't think I look good. Could use some kind words,"",,5nv0he,,0,,false,1489433009,false,https://b.thumbs.redditmedia.com/TeY_zW44bDz7plxi3iLl764pru4nguQtsPYEFDhcjYY.jpg,t5_39em5,false,,,false,false,,/r/toastme/comments/5nv0he/dont_think_i_look_good_could_use_some_kind_words/,,,false,,
1485726144,toastme,juanwayoranothr,i.redd.it,https://i.redd.it/ghudsje21qcy.jpg,14,21,,,Toast my friend,"",,5qwddi,,0,,false,1489487531,false,https://a.thumbs.redditmedia.com/Z3NiPcH8RC0k8Px2k_QKLN-FuOZ6nETZUota0AdrZt8.jpg,t5_39em5,false,,,false,false,,/r/toastme/comments/5qwddi/toast_my_friend/,,,false,,
1484621138,toastme,[deleted],i.reddituploads.com,https://i.reddituploads.com/ba889655381c479f922718e3d9e03dbc?fit=max&amp;h=1536&amp;w=1536&amp;s=b973a878ce5b5c7f4ec20f8b64bcb2fe,5,8,,,Feeling out of it. Please toast.,[deleted],,5ofg1x,,0,,false,1489443134,false,default,t5_39em5,false,,,false,false,,/r/toastme/comments/5ofg1x/feeling_out_of_it_please_toast/,,,false,,
1485599688,toastme,meakatz,i.reddituploads.com,https://i.reddituploads.com/b015044c3e824ac680dba77c74060adc?fit=max&amp;h=1536&amp;w=1536&amp;s=14afee9fe4610c3c2ec2405960ba9315,14,76,,,My best friend told me my self-esteem needs a boost. Would you like to help with that?,"",,5qn0t2,,0,,false,1489482911,false,https://b.thumbs.redditmedia.com/-YBkx8xOY2Dgry_thZeJcAvilO8ux9CffbqTTQ4dNRM.jpg,t5_39em5,false,,,false,false,,/r/toastme/comments/5qn0t2/my_best_friend_told_me_my_selfesteem_needs_a/,,,false,,
1484888222,toastme,[deleted],i.imgur.com,http://i.imgur.com/dZ7yyQo.jpg,1,1,,,Struggling with personal and health issues. Feeling worthless and unworthy,[deleted],,5p1yz8,,0,,false,1489454248,false,default,t5_39em5,false,,,false,false,,/r/toastme/comments/5p1yz8/struggling_with_personal_and_health_issues/,,,false,,
1483941394,toastme,MonsieurMustache,i.reddituploads.com,https://i.reddituploads.com/f8a3238df9f44961955b7186e19fe80b?fit=max&amp;h=1536&amp;w=1536&amp;s=db6ebc8909534edd80f5527f85660061,9,8,,,"I've always had low self esteem, but as I get older I feel better about myself. What do you think?","",,5mw0u2,,0,,false,1489415688,false,default,t5_39em5,false,,,false,false,,/r/toastme/comments/5mw0u2/ive_always_had_low_self_esteem_but_as_i_get_older/,,,false,,
1484253098,toastme,HotDogGrass,i.reddituploads.com,https://i.reddituploads.com/4025fe7d1b3545f4921ca090db1365e3?fit=max&amp;h=1536&amp;w=1536&amp;s=b812d78546855d57221d0909cc036c94,9,66,,,16th Birthday Today. Lets Have a Toast!,"",,5nlt0f,,0,,false,1489428471,false,https://a.thumbs.redditmedia.com/scAp29RSxE0eMsfrgDzE15EBWJu5JLYXeUgrOkTCaz8.jpg,t5_39em5,false,,,false,false,,/r/toastme/comments/5nlt0f/16th_birthday_today_lets_have_a_toast/,,,false,,
1484631380,toastme,as_nikumbh,imgur.com,http://imgur.com/a/h4ZeT,1,2,,,I feel I look ugly and hence a bit insecure :(,"",,5ogase,,0,,false,1489443555,false,default,t5_39em5,false,,,false,false,,/r/toastme/comments/5ogase/i_feel_i_look_ugly_and_hence_a_bit_insecure/,,,false,,
1485205243,toastme,bix902,m.imgur.com,http://m.imgur.com/a/qoeYW,51,100,,,So this one time I made an attempt at modeling,"",,5prmip,,0,,false,1489466924,false,https://b.thumbs.redditmedia.com/8W07uqVkkoEJVjWtNCs68sQBOOwyREo_295vnZ-Sblw.jpg,t5_39em5,false,,,false,false,,/r/toastme/comments/5prmip/so_this_one_time_i_made_an_attempt_at_modeling/,,,false,,
1485390192,toastme,Certerus,i.redd.it,https://i.redd.it/753srmzy9yby.jpg,1,2,,,"The guys at r/roastme made me shave, be nicer please!!","",,5q722d,,0,,false,1489474524,false,default,t5_39em5,false,,,false,false,,/r/toastme/comments/5q722d/the_guys_at_rroastme_made_me_shave_be_nicer_please/,,,false,,
1483686518,toastme,[deleted],i.reddituploads.com,https://i.reddituploads.com/e25662b818c046ed9f13906693e57351?fit=max&amp;h=1536&amp;w=1536&amp;s=16183b313564fe91062aafbbc4616c6b,0,1,,,Toast my girl and I and make our nights. :),[deleted],,5mc8as,,0,,false,1489405915,false,default,t5_39em5,false,,,false,false,,/r/toastme/comments/5mc8as/toast_my_girl_and_i_and_make_our_nights/,,,false,,
1484375246,toastme,[deleted],i.reddituploads.com,https://i.reddituploads.com/7e10df5878d74ba89cb890c6964e0a1f?fit=max&amp;h=1536&amp;w=1536&amp;s=ada69a1622207fd486f67f8b6a390b00,0,1,,,"""We did twenty takes, and THAT was the best one..."" - Mr. Burns. I had a rough couple of days, so I've gone fishing for compliments from strangers. Any takers?",[deleted],,5nw2vo,,0,,false,1489433535,false,default,t5_39em5,false,,,false,false,,/r/toastme/comments/5nw2vo/we_did_twenty_takes_and_that_was_the_best_one_mr/,,,false,,
1485589384,toastme,SlightlySaltyDM,i.reddituploads.com,https://i.reddituploads.com/948d09aee3464f1bae9fc80778ea2d31?fit=max&amp;h=1536&amp;w=1536&amp;s=ac83e79ee36fd651213c17fbc4a88919,7,8,,,Pulled the right brick on drunk jenga. Make me toasty.,"",,5qmjil,,0,,false,1489482673,false,https://b.thumbs.redditmedia.com/ye7dDF8GHIp0jenSAEYRIPPHCeenLS22htAEN-VSOaU.jpg,t5_39em5,false,,,false,false,,/r/toastme/comments/5qmjil/pulled_the_right_brick_on_drunk_jenga_make_me/,,,false,,
1484119799,toastme,[deleted],i.reddituploads.com,https://i.reddituploads.com/ce56c413935e4d218e013f4d7e9907ec?fit=max&amp;h=1536&amp;w=1536&amp;s=70cf3d2e3c3d627fe7b19ad2ac3b2b65,1,1,,,me irl,[deleted],,5nauwt,,0,,false,1489422995,false,default,t5_39em5,false,,,false,false,,/r/toastme/comments/5nauwt/me_irl/,,,false,,
